"ENe-6B","BOSNSW"
"ENe-1A","BOSNSW"
"ENe-8B","BOSNSW"
"ENe-4A","BOSNSW"
"ENe-7B","BOSNSW"
"ENe-9B","BOSNSW"
"ENe-5A","BOSNSW"
"ENe-2A","BOSNSW"
"ENe-3A","BOSNSW"
"ENe-10C","BOSNSW"
"ENe-11D","BOSNSW"
"ENe-12E","BOSNSW"
"EN1-1A","BOSNSW"
"EN1-9B","BOSNSW"
"EN1-10C","BOSNSW"
"EN1-11D","BOSNSW"
"ENLS-16D","BOSNSW"
"ENLS-17E","BOSNSW"
"EN1-6B","BOSNSW"
"EN1-8B","BOSNSW"
"EN1-4A","BOSNSW"
"EN1-7B","BOSNSW"
"EN1-5A","BOSNSW"
"EN1-2A","BOSNSW"
"EN1-3A","BOSNSW"
"EN1-12E","BOSNSW"
"EN2-9B","BOSNSW"
"EN2-5A","BOSNSW"
"EN2-2A","BOSNSW"
"EN2-3A","BOSNSW"
"EN2-12E","BOSNSW"
"EN2-6B","BOSNSW"
"EN2-1A","BOSNSW"
"EN2-8B","BOSNSW"
"EN2-4A","BOSNSW"
"EN2-7B","BOSNSW"
"EN2-10C","BOSNSW"
"EN2-11D","BOSNSW"
"EN3-9E","BOSNSW"
"EN3-8D","BOSNSW"
"EN3-4A","BOSNSW"
"EN3-6B","BOSNSW"
"EN3-5B","BOSNSW"
"EN3-1A","BOSNSW"
"EN3-7C","BOSNSW"
"EN3-2A","BOSNSW"
"EN3-3A","BOSNSW"
"MAe-1WM","BOSNSW"
"MALS-25MG","BOSNSW"
"MALS-27MG","BOSNSW"
"MALS-39SP","BOSNSW"
"MA5.3-18SP","BOSNSW"
"MA5.2-1WM","BOSNSW"
"MA5.1-8MG","BOSNSW"
"MA5.1-10MG","BOSNSW"
"MA5.1-5NA","BOSNSW"
"MA5.2-5NA","BOSNSW"
"MA5.3-5NA","BOSNSW"
"MA5.2-12MG","BOSNSW"
"MA5.3-6NA","BOSNSW"
"MA5.3-15MG","BOSNSW"
"MA5.3-16MG","BOSNSW"
"MA5.3-17MG","BOSNSW"
"MA5.2-8NA","BOSNSW"
"MA5.3-8NA","BOSNSW"
"MA5.3-9NA","BOSNSW"
"MALS-2WM","BOSNSW"
"MALS-36SP","BOSNSW"
"MALS-6NA","BOSNSW"
"MA3-18SP","BOSNSW"
"MA3-1WM","BOSNSW"
"MALS-4NA","BOSNSW"
"MALS-5NA","BOSNSW"
"MALS-17NA","BOSNSW"
"MALS-18NA","BOSNSW"
"MALS-19NA","BOSNSW"
"MALS-37SP","BOSNSW"
"MA4-21SP","BOSNSW"
"MA4-13MG","BOSNSW"
"MA4-16MG","BOSNSW"
"MA4-17MG","BOSNSW"
"MA4-5NA","BOSNSW"
"MA4-6NA","BOSNSW"
"MA4-7NA","BOSNSW"
"MA4-9NA","BOSNSW"
"MALS-14NA","BOSNSW"
"MALS-23MG","BOSNSW"
"MALS-24MG","BOSNSW"
"MALS-38SP","BOSNSW"
"MALS-11NA","BOSNSW"
"MALS-12NA","BOSNSW"
"MALS-26MG","BOSNSW"
"MALS-32MG","BOSNSW"
"MALS-33MG","BOSNSW"
"MALS-15NA","BOSNSW"
"MALS-3WM","BOSNSW"
"MALS-22MG","BOSNSW"
"MALS-28MG","BOSNSW"
"MALS-29MG","BOSNSW"
"MALS-30MG","BOSNSW"
"MALS-35SP","BOSNSW"
"MALS-20MG","BOSNSW"
"MALS-31MG","BOSNSW"
"MALS-10NA","BOSNSW"
"MALS-13NA","BOSNSW"
"MA4-19SP","BOSNSW"
"MA4-20SP","BOSNSW"
"MA4-1WM","BOSNSW"
"MA4-12MG","BOSNSW"
"MA4-14MG","BOSNSW"
"MA4-15MG","BOSNSW"
"MA4-4NA","BOSNSW"
"MA4-18MG","BOSNSW"
"MA4-8NA","BOSNSW"
"MA4-10NA","BOSNSW"
"MA4-11NA","BOSNSW"
"MALS-16NA","BOSNSW"
"MALS-7NA","BOSNSW"
"MALS-8NA","BOSNSW"
"MALS-9NA","BOSNSW"
"MALS-21MG","BOSNSW"
"MALS-1WM","BOSNSW"
"MA5.1-12SP","BOSNSW"
"MA5.2-15SP","BOSNSW"
"MA5.2-16SP","BOSNSW"
"MA5.2-17SP","BOSNSW"
"MA5.3-19SP","BOSNSW"
"MA5.1-13SP","BOSNSW"
"MA5.1-1WM","BOSNSW"
"MA5.3-1WM","BOSNSW"
"MA5.1-4NA","BOSNSW"
"MA5.2-4NA","BOSNSW"
"MA5.1-9MG","BOSNSW"
"MA5.3-4NA","BOSNSW"
"MA5.1-6NA","BOSNSW"
"MA5.1-11MG","BOSNSW"
"MA5.2-11MG","BOSNSW"
"MA5.2-6NA","BOSNSW"
"MA5.2-13MG","BOSNSW"
"MA5.2-14MG","BOSNSW"
"MA5.3-13MG","BOSNSW"
"MA5.3-14MG","BOSNSW"
"MA5.1-7NA","BOSNSW"
"MA5.2-7NA","BOSNSW"
"MA5.3-7NA","BOSNSW"
"MA5.2-9NA","BOSNSW"
"MA5.2-10NA","BOSNSW"
"MA5.3-10NA","BOSNSW"
"MA5.3-11NA","BOSNSW"
"MA5.3-12NA","BOSNSW"
"MALS-34MG","BOSNSW"
"STe-1VA","BOSNSW"
"STe-2VA","BOSNSW"
"STe-3VA","BOSNSW"
"ST1-1VA","BOSNSW"
"ST1-2VA","BOSNSW"
"SCLS-2VA","BOSNSW"
"SC5-1VA","BOSNSW"
"SC5-2VA","BOSNSW"
"ST1-3VA","BOSNSW"
"ST2-1VA","BOSNSW"
"ST2-2VA","BOSNSW"
"ST2-3VA","BOSNSW"
"ST3-1VA","BOSNSW"
"ST3-2VA","BOSNSW"
"ST3-3VA","BOSNSW"
"SC4-1VA","BOSNSW"
"SC4-2VA","BOSNSW"
"SCLS-1VA","BOSNSW"
"SC4-15LW","BOSNSW"
"SC4-3VA","BOSNSW"
"SC5-3VA","BOSNSW"
"SC5-15LW","BOSNSW"
"SCLS-3VA","BOSNSW"
"ENLS-12C","BOSNSW"
"ENLS-4A","BOSNSW"
"ENLS-1A","BOSNSW"
"ENLS-6A","BOSNSW"
"ENLS-9A","BOSNSW"
"ENLS-15D","BOSNSW"
"EN5-1A","BOSNSW"
"EN5-4B","BOSNSW"
"EN5-3B","BOSNSW"
"EN5-9E","BOSNSW"
"ENLS-5A","BOSNSW"
"ENLS-2A","BOSNSW"
"EN4-4B","BOSNSW"
"EN4-5C","BOSNSW"
"EN4-6C","BOSNSW"
"ENLS-3A","BOSNSW"
"ENLS-10B","BOSNSW"
"ENLS-13C","BOSNSW"
"EN4-1A","BOSNSW"
"EN4-8D","BOSNSW"
"EN4-3B","BOSNSW"
"EN4-2A","BOSNSW"
"EN4-9E","BOSNSW"
"EN4-7D","BOSNSW"
"ENLS-14D","BOSNSW"
"ENLS-7A","BOSNSW"
"EN5-2A","BOSNSW"
"EN5-7D","BOSNSW"
"EN5-5C","BOSNSW"
"EN5-8D","BOSNSW"
"EN5-6C","BOSNSW"
"ENLS-11B","BOSNSW"
"ENLS-8A","BOSNSW"
"MAe-5NA","BOSNSW"
"MAe-10MG","BOSNSW"
"MAe-13MG","BOSNSW"
"MAe-6NA","BOSNSW"
"MAe-4NA","BOSNSW"
"MAe-17SP","BOSNSW"
"MAe-7NA","BOSNSW"
"MAe-9MG","BOSNSW"
"MAe-16MG","BOSNSW"
"MAe-12MG","BOSNSW"
"MAe-8NA","BOSNSW"
"MAe-2WM","BOSNSW"
"MAe-3WM","BOSNSW"
"MAe-15MG","BOSNSW"
"MAe-14MG","BOSNSW"
"MAe-11MG","BOSNSW"
"MA1-13MG","BOSNSW"
"MA1-7NA","BOSNSW"
"MA1-10MG","BOSNSW"
"MA1-16MG","BOSNSW"
"MA1-6NA","BOSNSW"
"MA1-8NA","BOSNSW"
"MA1-3WM","BOSNSW"
"MA1-15MG","BOSNSW"
"MA1-11MG","BOSNSW"
"MA5.2-2WM","BOSNSW"
"MA5.3-2WM","BOSNSW"
"MA5.1-3WM","BOSNSW"
"MA5.3-3WM","BOSNSW"
"MA1-5NA","BOSNSW"
"MA1-1WM","BOSNSW"
"MA1-9MG","BOSNSW"
"MA1-12MG","BOSNSW"
"MA1-18SP","BOSNSW"
"MA1-17SP","BOSNSW"
"MA1-4NA","BOSNSW"
"MA1-2WM","BOSNSW"
"MA1-14MG","BOSNSW"
"MA2-5NA","BOSNSW"
"MA2-10MG","BOSNSW"
"MA2-19SP","BOSNSW"
"MA2-17MG","BOSNSW"
"MA2-12MG","BOSNSW"
"MA2-6NA","BOSNSW"
"MA2-8NA","BOSNSW"
"MA2-4NA","BOSNSW"
"MA2-2WM","BOSNSW"
"MA2-3WM","BOSNSW"
"MA2-7NA","BOSNSW"
"MA2-14MG","BOSNSW"
"MA2-16MG","BOSNSW"
"MA2-18SP","BOSNSW"
"MA2-9MG","BOSNSW"
"MA2-1WM","BOSNSW"
"MA2-15MG","BOSNSW"
"MA2-13MG","BOSNSW"
"MA2-11MG","BOSNSW"
"MA3-13MG","BOSNSW"
"MA3-11MG","BOSNSW"
"MA3-6NA","BOSNSW"
"MA3-7NA","BOSNSW"
"MA3-4NA","BOSNSW"
"MA3-19SP","BOSNSW"
"MA3-14MG","BOSNSW"
"MA3-5NA","BOSNSW"
"MA3-16MG","BOSNSW"
"MA3-10MG","BOSNSW"
"MA3-8NA","BOSNSW"
"MA3-9MG","BOSNSW"
"MA3-17MG","BOSNSW"
"MA3-12MG","BOSNSW"
"MA3-2WM","BOSNSW"
"MA3-15MG","BOSNSW"
"MA3-3WM","BOSNSW"
"MA4-2WM","BOSNSW"
"MA4-3WM","BOSNSW"
"MA5.1-2WM","BOSNSW"
"MA5.2-3WM","BOSNSW"
"STe-10ME","BOSNSW"
"STe-5WT","BOSNSW"
"STe-4WS","BOSNSW"
"STe-8NE","BOSNSW"
"STe-6NE","BOSNSW"
"STe-7NE","BOSNSW"
"STe-9ME","BOSNSW"
"ST1-16P","BOSNSW"
"ST1-11LW","BOSNSW"
"ST1-6PW","BOSNSW"
"ST1-10LW","BOSNSW"
"ST1-4WS","BOSNSW"
"ST1-5WT","BOSNSW"
"ST1-14BE","BOSNSW"
"ST1-8ES","BOSNSW"
"ST1-7PW","BOSNSW"
"SCLS-17LW","BOSNSW"
"SCLS-24CW","BOSNSW"
"SCLS-9WS","BOSNSW"
"SCLS-19LW","BOSNSW"
"SCLS-18LW","BOSNSW"
"SCLS-8WS","BOSNSW"
"SCLS-11PW","BOSNSW"
"SC5-17CW","BOSNSW"
"SC5-8WS","BOSNSW"
"SC5-7WS","BOSNSW"
"SC5-9WS","BOSNSW"
"SC5-16CW","BOSNSW"
"SC5-4WS","BOSNSW"
"SCLS-14ES","BOSNSW"
"ST1-9ES","BOSNSW"
"ST1-15I","BOSNSW"
"ST1-12MW","BOSNSW"
"ST1-13MW","BOSNSW"
"ST2-14BE","BOSNSW"
"ST2-8ES","BOSNSW"
"ST2-7PW","BOSNSW"
"ST2-6PW","BOSNSW"
"ST2-11LW","BOSNSW"
"ST2-15I","BOSNSW"
"ST2-13MW","BOSNSW"
"ST2-16P","BOSNSW"
"ST2-12MW","BOSNSW"
"ST2-4WS","BOSNSW"
"ST2-5WT","BOSNSW"
"ST2-10LW","BOSNSW"
"ST2-9ES","BOSNSW"
"ST3-14BE","BOSNSW"
"ST3-16P","BOSNSW"
"ST3-13MW","BOSNSW"
"ST3-9ES","BOSNSW"
"ST3-6PW","BOSNSW"
"ST3-7PW","BOSNSW"
"ST3-11LW","BOSNSW"
"ST3-15I","BOSNSW"
"ST3-10LW","BOSNSW"
"ST3-4WS","BOSNSW"
"ST3-8ES","BOSNSW"
"ST3-12MW","BOSNSW"
"ST3-5WT","BOSNSW"
"SCLS-13ES","BOSNSW"
"SCLS-21LW","BOSNSW"
"SC4-9WS","BOSNSW"
"SC4-13ES","BOSNSW"
"SC4-10PW","BOSNSW"
"SC4-17CW","BOSNSW"
"SC4-4WS","BOSNSW"
"SC4-8WS","BOSNSW"
"SC4-16CW","BOSNSW"
"SC4-7WS","BOSNSW"
"SC4-5WS","BOSNSW"
"SCLS-15ES","BOSNSW"
"SCLS-4WS","BOSNSW"
"SCLS-10PW","BOSNSW"
"SCLS-5WS","BOSNSW"
"SCLS-6WS","BOSNSW"
"SC4-14LW","BOSNSW"
"SC4-12ES","BOSNSW"
"SC4-11PW","BOSNSW"
"SC4-6WS","BOSNSW"
"SCLS-23CW","BOSNSW"
"SCLS-22CW","BOSNSW"
"SCLS-20LW","BOSNSW"
"SCLS-12PW","BOSNSW"
"SC5-6WS","BOSNSW"
"SC5-13ES","BOSNSW"
"SC5-14LW","BOSNSW"
"SC5-11PW","BOSNSW"
"SC5-10PW","BOSNSW"
"SC5-5WS","BOSNSW"
"SC5-12ES","BOSNSW"
"SCLS-7WS","BOSNSW"
"SCLS-16ES","BOSNSW"
